{
	"info": {
		"_postman_id": "91964f34-2297-4cb1-aad0-a9e116953dcd",
		"name": "express",
		"schema": "https://schema.getpostman.com/json/collection/v2.1.0/collection.json"
	},
	"item": [
		{
			"name": "Students",
			"request": {
				"method": "GET",
				"header": [],
				"url": {
					"raw": "http://localhost:2000/api/Students",
					"protocol": "http",
					"host": [
						"localhost"
					],
					"port": "2000",
					"path": [
						"api",
						"Students"
					]
				}
			},
			"response": []
		},
		{
			"name": "create student",
			"request": {
				"method": "POST",
				"header": [
					{
						"key": "Content-Type",
						"name": "Content-Type",
						"value": "application/json",
						"type": "text"
					}
				],
				"body": {
					"mode": "raw",
					"raw": "{\n\"firstName\": \"Gopal\",\n\"lastName\":\"K\",\n\"email\":\"gopal@gmail.com\",\n\"password\":\"gopal\",\n\"mobileno\":9944652103\n}"
				},
				"url": {
					"raw": "http://localhost:2000/api/Students/signUp",
					"protocol": "http",
					"host": [
						"localhost"
					],
					"port": "2000",
					"path": [
						"api",
						"Students",
						"signUp"
					]
				}
			},
			"response": []
		},
		{
			"name": "login",
			"request": {
				"method": "POST",
				"header": [
					{
						"key": "Content-Type",
						"name": "Content-Type",
						"type": "text",
						"value": "application/json"
					}
				],
				"body": {
					"mode": "raw",
					"raw": "{\n\"email\": \"ttvrkavi@gmail.com\",\n\"password\":\"kavi\"\n}"
				},
				"url": {
					"raw": "http://localhost:2000/api/Students/login",
					"protocol": "http",
					"host": [
						"localhost"
					],
					"port": "2000",
					"path": [
						"api",
						"Students",
						"login"
					]
				}
			},
			"response": []
		},
		{
			"name": "type 1",
			"request": {
				"method": "POST",
				"header": [
					{
						"key": "Content-Type",
						"name": "Content-Type",
						"type": "text",
						"value": "application/json"
					}
				],
				"body": {
					"mode": "raw",
					"raw": "[31,32,43,23,4,8]\n\n"
				},
				"url": {
					"raw": "http://localhost:2000/api/Students/type/1",
					"protocol": "http",
					"host": [
						"localhost"
					],
					"port": "2000",
					"path": [
						"api",
						"Students",
						"type",
						"1"
					]
				}
			},
			"response": []
		},
		{
			"name": "type 3",
			"request": {
				"method": "POST",
				"header": [
					{
						"key": "Content-Type",
						"name": "Content-Type",
						"type": "text",
						"value": "application/json"
					}
				],
				"body": {
					"mode": "raw",
					"raw": "[1,3,4,7,9,10]\n\n"
				},
				"url": {
					"raw": "http://localhost:2000/api/Students/type/3",
					"protocol": "http",
					"host": [
						"localhost"
					],
					"port": "2000",
					"path": [
						"api",
						"Students",
						"type",
						"3"
					]
				}
			},
			"response": []
		},
		{
			"name": "type 2",
			"request": {
				"method": "POST",
				"header": [
					{
						"key": "Content-Type",
						"name": "Content-Type",
						"type": "text",
						"value": "application/json"
					}
				],
				"body": {
					"mode": "raw",
					"raw": "{\n \"a\" :\"ab,c#de@,’$%fgh*\"\n\t\n}"
				},
				"url": {
					"raw": "http://localhost:2000/api/Students/type/2",
					"protocol": "http",
					"host": [
						"localhost"
					],
					"port": "2000",
					"path": [
						"api",
						"Students",
						"type",
						"2"
					]
				}
			},
			"response": []
		},
		{
			"name": "edit book",
			"request": {
				"method": "PUT",
				"header": [
					{
						"key": "Content-Type",
						"name": "Content-Type",
						"value": "application/json",
						"type": "text"
					}
				],
				"body": {
					"mode": "raw",
					"raw": "{\n\"title\": \"Object oriented C++\",\n\"author\":\"Robert mathew\"\n}"
				},
				"url": {
					"raw": "http://localhost:5656/api/books/5d1d9cbc036f5a0638f110cc1111",
					"protocol": "http",
					"host": [
						"localhost"
					],
					"port": "5656",
					"path": [
						"api",
						"books",
						"5d1d9cbc036f5a0638f110cc1111"
					]
				}
			},
			"response": []
		},
		{
			"name": "patch book",
			"request": {
				"method": "PATCH",
				"header": [
					{
						"key": "Content-Type",
						"name": "Content-Type",
						"type": "text",
						"value": "application/json"
					}
				],
				"body": {
					"mode": "raw",
					"raw": "{\n\"title\": \"Object oriented C++\",\n\"author\":\"Robert mathew\"\n}"
				},
				"url": {
					"raw": "http://localhost:5656/api/books/5d1d9cbc036f5a0638f110cc1111",
					"protocol": "http",
					"host": [
						"localhost"
					],
					"port": "5656",
					"path": [
						"api",
						"books",
						"5d1d9cbc036f5a0638f110cc1111"
					]
				}
			},
			"response": []
		}
	]
}